file,symbol_dir,slot,long_total,long_count,long_win_rate,long_avg_win,long_avg_loss,long_expectancy,long_profit_factor,long_max_dd,long_max_losing_streak,long_dd_profit_ratio,med_total,med_count,med_win_rate,med_avg_win,med_avg_loss,med_expectancy,med_profit_factor,med_max_dd,med_max_losing_streak,med_dd_profit_ratio,short_total,short_count,short_win_rate,short_avg_win,short_avg_loss,short_expectancy,short_profit_factor,short_max_dd,short_max_losing_streak,short_dd_profit_ratio,month_pos,month_neg,month_zero,month_pos_ratio,weekday_exp_std,weekday_exp_min,weekday_exp_max,med_vs_long_expectancy_delta,short_vs_med_expectancy_delta,score_raw,robust_score,label,action
agresivo_iron_condor_spx_data.csv,spx,11:10,7495.0,273,0.7619047619047619,137.85576923076923,-325.83076923076925,27.454212454212453,1.3538882855658907,1962.0,4,0.2617745163442295,3130.0,60,0.8,143.875,-314.6666666666667,52.166666666666664,1.8289194915254237,724.0,2,0.23130990415335465,1219.0,20,0.85,134.94117647058823,-358.3333333333333,60.95,2.133953488372093,380.0,1,0.3117309269893355,12,2,0,0.8571428571428571,26.063133488847317,-11.689655172413794,58.25454545454546,24.71245421245421,8.783333333333339,0.882,88.2,GREEN,FOLLOW
agresivo_iron_condor_spx_data.csv,spx,11:15,7098.0,273,0.7472527472527473,137.63725490196077,-304.05797101449275,26.0,1.3383222116301239,2247.0,4,0.3165680473372781,3921.0,60,0.8333333333333334,142.62,-321.0,65.35,2.221495327102804,668.0,2,0.17036470288191788,1206.0,20,0.85,135.23529411764707,-364.3333333333333,60.3,2.1033851784080513,380.0,1,0.3150912106135987,12,2,0,0.8571428571428571,23.561634515357625,-9.810344827586206,47.660377358490564,39.349999999999994,-5.049999999999997,0.8468461538461539,84.6846153846154,GREEN,WATCH
agresivo_iron_condor_spx_data.csv,spx,11:25,7245.0,273,0.7582417582417582,140.03381642512076,-329.42424242424244,26.53846153846154,1.33322601416613,2669.0,4,0.368391994478951,3733.0,60,0.8333333333333334,142.76,-340.5,62.21666666666667,2.0963289280469897,703.0,2,0.18832038574872756,1709.0,20,0.9,134.27777777777777,-354.0,85.45,3.4138418079096047,383.0,1,0.22410766530134582,12,2,0,0.8571428571428571,28.892664234203938,-10.172413793103448,56.41818181818182,35.67820512820513,23.233333333333334,0.8398461538461538,83.98461538461538,GREEN,FOLLOW
agresivo_iron_condor_spx_data.csv,spx,11:00,6786.0,273,0.7509157509157509,136.2,-310.80882352941177,24.857142857142858,1.3210787792760823,1990.0,4,0.2932508104921898,2641.0,60,0.7833333333333333,135.5744680851064,-287.0,44.016666666666666,1.7078531224872688,685.0,2,0.2593714502082545,1154.0,20,0.85,133.0,-369.0,57.7,2.042457091237579,385.0,1,0.33362218370883884,11,3,0,0.7857142857142857,26.371311416309318,-14.775862068965518,58.07142857142857,19.159523809523808,13.683333333333337,0.8186923076923077,81.86923076923077,GREEN,FOLLOW
agresivo_iron_condor_spx_data.csv,spx,12:00,6789.0,274,0.7408759124087592,140.60591133004925,-306.3943661971831,24.777372262773724,1.3120805369127517,2033.0,5,0.2994550007364855,1450.5,60,0.7166666666666667,142.36046511627907,-274.7647058823529,24.175,1.3105330764290302,1943.0,5,1.3395380903136849,1421.0,20,0.85,133.0,-280.0,71.05,2.691666666666667,611.0,2,0.42997888810696694,11,3,0,0.7857142857142857,23.681529587047617,-8.947368421052632,54.613207547169814,-0.6023722627737236,46.875,0.791,79.10000000000001,GREEN,FOLLOW
agresivo_iron_condor_spx_data.csv,spx,13:10,9899.0,273,0.73992673992674,146.06435643564356,-276.14084507042253,36.26007326007326,1.5048964602672652,1946.0,4,0.19658551368825133,410.0,60,0.6833333333333333,153.0487804878049,-308.6842105263158,6.833333333333333,1.0699062233589087,1548.0,2,3.7756097560975608,402.0,20,0.75,141.86666666666667,-345.2,20.1,1.2329084588644263,1029.0,2,2.5597014925373136,11,3,0,0.7857142857142857,33.79198687615541,-7.0701754385964914,86.18518518518519,-29.42673992673993,13.26666666666667,0.7619230769230769,76.1923076923077,GREEN,FOLLOW
agresivo_iron_condor_spx_data.csv,spx,11:30,6622.5,274,0.7335766423357665,140.8233830845771,-297.027397260274,24.169708029197082,1.3054236037448692,2326.0,4,0.35122687806719516,2490.0,60,0.75,144.0,-266.0,41.5,1.6240601503759398,863.0,2,0.3465863453815261,991.0,20,0.75,131.26666666666668,-195.6,49.55,2.013292433537832,360.0,2,0.3632694248234107,11,3,0,0.7857142857142857,19.873847972250257,-2.0689655172413794,51.22727272727273,17.330291970802918,8.049999999999997,0.7534615384615385,75.34615384615385,GREEN,FOLLOW
agresivo_iron_condor_spx_data.csv,spx,10:25,5720.0,271,0.7490774907749077,133.74384236453201,-315.1470588235294,21.1070110701107,1.2669155389640692,1949.0,4,0.34073426573426574,3439.0,60,0.8166666666666667,139.48979591836735,-308.72727272727275,57.31666666666667,2.0126619552414606,380.0,1,0.11049723756906077,1137.0,20,0.85,131.1764705882353,-364.3333333333333,56.85,2.040256175663312,380.0,1,0.33421284080914687,12,2,0,0.8571428571428571,31.70374630850534,-8.035714285714286,59.96078431372549,36.20965559655597,-0.46666666666666856,0.7493846153846154,74.93846153846154,GREEN,WATCH
agresivo_iron_condor_spx_data.csv,spx,13:25,8916.5,272,0.7352941176470589,147.9325,-287.0833333333333,32.78125,1.4313739719400096,1898.0,3,0.21286379184657658,-122.0,60,0.6333333333333333,157.8421052631579,-278.1818181818182,-2.033333333333333,0.9800653594771241,1199.0,2,inf,-156.0,20,0.65,138.07692307692307,-278.7142857142857,-7.8,0.920041004613019,1102.0,2,inf,11,3,0,0.7857142857142857,20.00961594234704,12.491228070175438,56.21296296296296,-34.81458333333333,-5.766666666666667,0.7436923076923077,74.36923076923077,RED,REPLACE
agresivo_iron_condor_spx_data.csv,spx,13:45,8256.0,272,0.7205882352941176,153.4795918367347,-287.1842105263158,30.352941176470587,1.3782644552368735,1489.0,4,0.18035368217054262,1313.0,60,0.6833333333333333,157.73170731707316,-271.2631578947368,21.883333333333333,1.2547535894450912,1015.0,4,0.773038842345773,499.0,20,0.75,142.93333333333334,-329.0,24.95,1.3033434650455926,1015.0,2,2.0340681362725452,11,3,0,0.7857142857142857,33.116862534316084,3.4035087719298245,68.67241379310344,-8.469607843137254,3.0666666666666664,0.7436153846153846,74.36153846153846,GREEN,FOLLOW
agresivo_iron_condor_spx_data.csv,spx,13:00,8026.5,273,0.7252747252747253,145.57828282828282,-277.3066666666667,29.4010989010989,1.3859265313972498,2353.0,5,0.29315392761477604,824.0,60,0.6666666666666666,158.925,-276.65,13.733333333333333,1.1489246340140973,1583.0,5,1.921116504854369,408.0,20,0.75,140.4,-339.6,20.4,1.2402826855123674,1023.0,2,2.5073529411764706,11,3,0,0.7857142857142857,21.085578627026916,0.41379310344827586,57.30555555555556,-15.667765567765569,6.666666666666666,0.7417692307692307,74.17692307692307,GREEN,FOLLOW
agresivo_iron_condor_spx_data.csv,spx,12:05,5967.0,276,0.7318840579710145,142.11881188118812,-307.31081081081084,21.619565217391305,1.262389516731894,2307.0,5,0.3866264454499749,2734.5,60,0.7833333333333333,144.79787234042553,-313.15384615384613,45.575,1.6717022844509948,1861.0,5,0.6805631742548912,2243.0,20,0.95,137.68421052631578,-373.0,112.15,7.013404825737266,373.0,1,0.16629514043691485,10,4,0,0.7142857142857143,19.857853258198553,1.8793103448275863,51.70754716981132,23.955434782608698,66.575,0.7399230769230769,73.99230769230769,GREEN,FOLLOW
agresivo_iron_condor_spx_data.csv,spx,12:55,8054.0,274,0.7372262773722628,140.70792079207922,-282.90277777777777,29.394160583941606,1.3954047817762285,2104.0,5,0.26123665259498385,206.0,60,0.6666666666666666,143.775,-277.25,3.433333333333333,1.0371505861136159,1255.0,2,6.092233009708738,20.0,20,0.7,134.14285714285714,-309.6666666666667,1.0,1.0107642626480087,980.0,2,49.0,10,4,0,0.7142857142857143,21.374847137179646,0.3448275862068966,54.61818181818182,-25.960827250608272,-2.433333333333333,0.7275384615384617,72.75384615384617,GREEN,WATCH
agresivo_iron_condor_spx_data.csv,spx,11:05,5587.0,274,0.7445255474452555,136.3921568627451,-317.6714285714286,20.39051094890511,1.2512479201331115,2022.0,4,0.3619115804546268,2241.0,60,0.7666666666666667,139.54347826086956,-298.42857142857144,37.35,1.5363810435615126,675.0,2,0.30120481927710846,1084.0,20,0.85,128.76470588235293,-368.3333333333333,54.2,1.9809954751131222,380.0,1,0.3505535055350554,12,2,0,0.8571428571428571,22.679733071100387,-13.96551724137931,47.94642857142857,16.95948905109489,16.85,0.7235384615384616,72.35384615384616,GREEN,FOLLOW
agresivo_iron_condor_spx_data.csv,spx,10:20,5813.0,272,0.7463235294117647,132.807881773399,-306.4782608695652,21.371323529411764,1.2748853265238569,1833.0,4,0.3153277137450542,3501.0,60,0.8333333333333334,134.96,-324.7,58.35,2.078226054819834,395.0,1,0.11282490716938018,1082.0,20,0.85,128.94117647058823,-370.0,54.1,1.9747747747747748,395.0,1,0.36506469500924216,10,4,0,0.7142857142857143,33.175168731956575,-10.793103448275861,66.55555555555556,36.97867647058824,-4.25,0.7183846153846155,71.83846153846154,GREEN,WATCH
agresivo_iron_condor_spx_data.csv,spx,11:55,5848.5,274,0.7372262773722628,141.6410891089109,-316.15277777777777,21.344890510948904,1.2569301058735667,2628.0,5,0.449345986150295,1438.5,60,0.7333333333333333,142.67045454545453,-302.4375,23.975,1.2972721636701798,1953.0,5,1.3576642335766422,1855.0,20,0.9,135.88888888888889,-295.5,92.75,4.138747884940778,367.0,1,0.19784366576819407,10,4,0,0.7142857142857143,11.763288517552283,4.131578947368421,36.160377358490564,2.6301094890510974,68.775,0.7066153846153848,70.66153846153847,GREEN,FOLLOW
agresivo_iron_condor_spx_data.csv,spx,10:45,5411.0,273,0.7472527472527473,134.9313725490196,-320.5072463768116,19.82051282051282,1.244675559574949,1678.0,4,0.3101090371465533,1803.0,60,0.7833333333333333,134.4468085106383,-347.38461538461536,30.05,1.3992471213463242,1052.0,1,0.5834719911259013,590.0,20,0.8,130.4375,-374.25,29.5,1.394121576486306,390.0,1,0.6610169491525424,12,2,0,0.8571428571428571,24.103945872257682,-5.448275862068965,52.4,10.22948717948718,-0.5500000000000007,0.703923076923077,70.3923076923077,GREEN,WATCH
agresivo_iron_condor_spx_data.csv,spx,12:20,6188.0,275,0.730909090909091,140.03980099502488,-300.82191780821915,22.50181818181818,1.281785063752277,2390.0,4,0.38623141564318036,905.5,60,0.7333333333333333,138.9431818181818,-325.5,15.091666666666667,1.1738671274961598,1738.5,2,1.9199337382661512,1128.0,20,0.85,128.41176470588235,-351.6666666666667,56.4,2.0691943127962085,375.0,1,0.3324468085106383,11,3,0,0.7857142857142857,16.277101394101173,-0.7450980392156863,43.018181818181816,-7.410151515151513,41.30833333333333,0.703,70.3,YELLOW,REVIEW
agresivo_iron_condor_spx_data.csv,spx,11:35,6154.0,274,0.7299270072992701,139.52,-293.9189189189189,22.45985401459854,1.2829425287356322,3334.0,10,0.5417614559636009,2877.0,60,0.7666666666666667,144.2173913043478,-268.35714285714283,47.95,1.7657705616183126,653.0,2,0.22697254084115398,1463.0,20,0.8,135.9375,-178.0,73.15,3.0547752808988764,378.0,2,0.2583732057416268,11,3,0,0.7857142857142857,27.42509692187923,-2.2982456140350878,65.38181818181818,25.490145985401462,25.200000000000003,0.6946923076923077,69.46923076923078,YELLOW,WATCH
agresivo_iron_condor_spx_data.csv,spx,13:15,7422.5,272,0.7169117647058824,148.97179487179488,-280.87012987012986,27.28860294117647,1.3432052526933924,2028.0,5,0.2732233075109464,499.0,60,0.6833333333333333,156.46341463414635,-311.36842105263156,8.316666666666666,1.0843475321162948,1647.0,2,3.3006012024048097,441.0,20,0.75,140.0,-331.8,22.05,1.2658227848101267,775.0,2,1.7573696145124718,11,3,0,0.7857142857142857,29.300677324668797,-12.649122807017545,68.80555555555556,-18.971936274509805,13.733333333333334,0.6747692307692308,67.47692307692307,YELLOW,REVIEW
agresivo_iron_condor_spx_data.csv,spx,13:05,7947.5,272,0.7279411764705882,143.51262626262627,-276.5945945945946,29.21875,1.3882890365448506,1885.0,5,0.23718150361748977,-63.0,60,0.65,152.51282051282053,-286.23809523809524,-1.05,0.9895192147729163,1676.0,5,inf,163.0,20,0.7,137.42857142857142,-293.5,8.15,1.0925610448608745,990.0,2,6.07361963190184,11,3,0,0.7857142857142857,38.87414076977945,-18.210526315789473,88.19444444444444,-30.26875,9.200000000000001,0.6667692307692307,66.67692307692306,YELLOW,REVIEW
agresivo_iron_condor_spx_data.csv,spx,10:05,5287.0,273,0.7545787545787546,130.5873786407767,-322.5970149253731,19.366300366300365,1.2446099750161932,1901.0,3,0.3595611878191791,2089.0,60,0.7833333333333333,134.87234042553192,-326.9230769230769,34.81666666666667,1.491529411764706,740.0,2,0.35423647678314985,484.0,20,0.8,124.0,-375.0,24.2,1.3226666666666667,392.0,1,0.8099173553719008,9,5,0,0.6428571428571429,14.802744163498437,2.6607142857142856,37.56,15.450366300366305,-10.61666666666667,0.6566153846153847,65.66153846153847,YELLOW,WATCH
agresivo_iron_condor_spx_data.csv,spx,11:20,5252.5,275,0.7345454545454545,138.49257425742573,-311.2739726027397,19.1,1.2311534568498879,2201.0,4,0.4190385530699667,2206.0,60,0.7666666666666667,142.1086956521739,-309.35714285714283,36.766666666666666,1.509351189101824,640.0,2,0.2901178603807797,910.0,20,0.8,135.1875,-313.25,45.5,1.7262569832402235,588.0,2,0.6461538461538462,11,3,0,0.7857142857142857,22.865442003689697,-6.879310344827586,46.00892857142857,17.666666666666664,8.733333333333334,0.6488461538461539,64.88461538461539,YELLOW,WATCH
agresivo_iron_condor_spx_data.csv,spx,11:50,5064.0,275,0.7272727272727273,142.495,-312.46666666666664,18.414545454545454,1.2160870492852571,2307.0,5,0.4555687203791469,2116.0,60,0.75,151.62222222222223,-313.8,35.266666666666666,1.449543233482048,1823.0,5,0.861531190926276,1890.0,20,0.9,138.88888888888889,-305.0,94.5,4.098360655737705,610.0,2,0.32275132275132273,8,6,0,0.5714285714285714,11.391505699651745,4.701754385964913,32.839622641509436,16.85212121212121,59.233333333333334,0.6357692307692309,63.57692307692309,YELLOW,WATCH
agresivo_iron_condor_spx_data.csv,spx,12:25,5819.0,275,0.7236363636363636,142.06532663316582,-303.4054054054054,21.16,1.2591751291644397,2615.0,5,0.44938992954115825,934.0,60,0.7,150.57142857142858,-317.05882352941177,15.566666666666666,1.1732838589981447,1626.0,2,1.740899357601713,821.0,20,0.8,131.1875,-319.5,41.05,1.6424100156494523,603.0,2,0.7344701583434835,11,3,0,0.7857142857142857,17.551359203379754,2.019607843137255,47.88181818181818,-5.593333333333334,25.48333333333333,0.6273846153846153,62.73846153846153,YELLOW,REVIEW
agresivo_iron_condor_spx_data.csv,spx,13:40,7698.0,272,0.7169117647058824,153.26153846153846,-288.15584415584414,28.301470588235293,1.3469442942130883,1701.0,6,0.2209664848012471,-349.0,60,0.6166666666666667,164.05405405405406,-279.0869565217391,-5.816666666666666,0.945630160461131,1701.0,6,inf,-153.0,20,0.65,139.3846153846154,-280.7142857142857,-7.65,0.9221374045801527,993.0,2,inf,10,4,0,0.7142857142857143,29.20710898569662,-14.403846153846153,61.31481481481482,-34.11813725490196,-1.833333333333334,0.6172307692307692,61.723076923076924,RED,REPLACE
agresivo_iron_condor_spx_data.csv,spx,13:20,7962.5,271,0.7158671586715867,149.7242268041237,-273.8181818181818,29.381918819188193,1.37765604249668,1839.0,3,0.23095761381475668,-400.0,60,0.6333333333333333,162.44736842105263,-298.77272727272725,-6.666666666666667,0.9391449870683097,1695.0,3,inf,-1312.0,20,0.55,137.8181818181818,-314.22222222222223,-65.6,0.536067892503536,1695.0,3,inf,10,4,0,0.7142857142857143,27.12641747714037,0.0,53.916666666666664,-36.04858548585486,-58.93333333333333,0.6053076923076924,60.530769230769245,RED,REPLACE
agresivo_iron_condor_spx_data.csv,spx,11:40,4942.5,275,0.7236363636363636,140.77638190954775,-303.57894736842104,17.972727272727273,1.2142207004160888,2421.0,4,0.4898330804248862,2427.0,60,0.75,148.2,-282.8,40.45,1.572135785007072,1173.0,2,0.48331273176761436,1617.0,20,0.85,136.11764705882354,-232.33333333333334,80.85,3.3199426111908177,372.0,1,0.2300556586270872,9,5,0,0.6428571428571429,24.42071414063509,-11.137931034482758,42.830357142857146,22.47727272727273,40.39999999999999,0.5916153846153847,59.16153846153846,YELLOW,WATCH
agresivo_iron_condor_spx_data.csv,spx,10:15,4611.0,273,0.7435897435897436,132.80295566502463,-323.8840579710145,16.89010989010989,1.2063271881152675,2220.0,4,0.4814573845152895,2531.0,60,0.7833333333333333,139.53191489361703,-335.5833333333333,42.18333333333333,1.6285075738763348,673.0,2,0.2659028052153299,360.0,20,0.75,133.0,-327.0,18.0,1.2201834862385321,673.0,2,1.8694444444444445,12,2,0,0.8571428571428571,36.179314213818344,-21.928571428571427,59.75925925925926,25.29322344322344,-24.18333333333333,0.5658461538461539,56.58461538461539,YELLOW,WATCH
agresivo_iron_condor_spx_data.csv,spx,10:50,4402.0,273,0.7362637362637363,134.1144278606965,-313.2638888888889,16.124542124542124,1.1951673686544004,2009.0,4,0.45638346206269875,1600.0,60,0.7666666666666667,136.58695652173913,-334.5,26.666666666666668,1.3416613282084133,1117.0,2,0.698125,655.0,20,0.8,130.625,-358.75,32.75,1.456445993031359,400.0,1,0.6106870229007634,10,4,0,0.7142857142857143,24.19467972620914,-9.803571428571429,43.49090909090909,10.542124542124544,6.083333333333332,0.5595384615384615,55.95384615384616,YELLOW,WATCH
agresivo_iron_condor_spx_data.csv,spx,13:30,6393.5,272,0.7205882352941176,147.30357142857142,-295.7631578947368,23.50551470588235,1.284433668475843,1827.0,3,0.28575897395792604,-298.0,60,0.6333333333333333,156.8421052631579,-284.45454545454544,-4.966666666666667,0.9523809523809523,1530.0,3,inf,-245.0,20,0.65,138.0,-291.2857142857143,-12.25,0.8798430603236881,1153.0,2,inf,10,4,0,0.7142857142857143,32.15002242624322,-18.43859649122807,67.02777777777777,-28.472181372549016,-7.283333333333333,0.5531538461538461,55.31538461538461,RED,REPLACE
agresivo_iron_condor_spx_data.csv,spx,13:50,6017.0,273,0.7032967032967034,151.28125,-284.30864197530866,22.04029304029304,1.2612792565895177,1867.0,4,0.3102875186970251,901.0,60,0.6666666666666666,154.625,-264.2,15.016666666666667,1.1705147615442846,1047.0,4,1.1620421753607104,83.0,20,0.7,137.0,-305.8333333333333,4.15,1.0452316076294277,1047.0,2,12.614457831325302,9,5,0,0.6428571428571429,26.427399741982455,-8.176470588235293,47.96363636363636,-7.023626373626373,-10.866666666666667,0.5501538461538462,55.01538461538462,YELLOW,REVIEW
agresivo_iron_condor_spx_data.csv,spx,10:10,3817.0,273,0.7362637362637363,131.96019900497512,-315.375,13.981684981684982,1.1680979433654821,2287.0,3,0.5991616452711553,2417.0,60,0.7833333333333333,135.2340425531915,-303.0,40.28333333333333,1.6136075145976136,626.0,2,0.25899875879189077,1119.0,20,0.85,131.0,-369.3333333333333,55.95,2.009927797833935,400.0,1,0.3574620196604111,11,3,0,0.7857142857142857,29.417009946772474,-23.339285714285715,46.32,26.30164835164835,15.666666666666671,0.55,55.00000000000001,YELLOW,WATCH
agresivo_iron_condor_spx_data.csv,spx,13:35,6659.5,273,0.7106227106227107,151.52835051546393,-287.8101265822785,24.393772893772894,1.2928926419492457,2157.0,6,0.3238981905548465,-1108.0,60,0.5833333333333334,164.4,-274.48,-18.466666666666665,0.83853104051297,2157.0,6,inf,-510.0,20,0.6,144.66666666666666,-280.75,-25.5,0.7729296527159395,1290.0,3,inf,11,3,0,0.7857142857142857,25.802188590002153,-3.4827586206896552,51.55172413793103,-42.86043956043956,-7.033333333333335,0.537,53.7,RED,REPLACE
agresivo_iron_condor_spx_data.csv,spx,12:10,3901.5,275,0.7127272727272728,140.8954081632653,-300.17721518987344,14.187272727272727,1.1645230665429704,2456.0,5,0.6295014737921313,1664.5,60,0.7333333333333333,143.26136363636363,-289.9375,27.741666666666667,1.3588057771071351,1780.0,5,1.0693902072694503,1757.0,20,0.9,131.16666666666666,-302.0,87.85,3.9089403973509933,375.0,1,0.21343198634035287,10,4,0,0.7142857142857143,15.042229661522143,-2.411764705882353,31.383928571428573,13.55439393939394,60.10833333333333,0.5287692307692308,52.87692307692308,YELLOW,WATCH
agresivo_iron_condor_spx_data.csv,spx,12:50,5559.0,275,0.72,142.25252525252526,-293.5974025974026,20.214545454545455,1.24589728845048,2085.0,5,0.3750674581759309,-190.0,60,0.65,148.07692307692307,-284.04761904761904,-3.1666666666666665,0.9681475272422464,1639.0,5,inf,269.0,20,0.75,132.4,-343.4,13.45,1.1566686080372743,996.0,2,3.7026022304832713,9,5,0,0.6428571428571429,22.23069351994159,-4.745098039215686,43.93103448275862,-23.381212121212123,16.616666666666667,0.5143076923076924,51.430769230769236,YELLOW,REVIEW
agresivo_iron_condor_spx_data.csv,spx,10:55,3970.0,272,0.7205882352941176,135.8112244897959,-298.0131578947368,14.595588235294118,1.1752836769835313,1995.0,4,0.5025188916876574,1805.0,60,0.7333333333333333,140.0681818181818,-272.375,30.083333333333332,1.4141808168884809,945.0,2,0.5235457063711911,691.0,20,0.75,132.53333333333333,-259.4,34.55,1.5327679259830378,456.0,2,0.6599131693198264,10,4,0,0.7142857142857143,24.142151723329142,-20.913793103448278,42.129629629629626,15.487745098039214,4.466666666666665,0.5063846153846154,50.63846153846154,YELLOW,WATCH
agresivo_iron_condor_spx_data.csv,spx,12:30,4730.5,275,0.7163636363636363,141.9263959390863,-297.8076923076923,17.201818181818183,1.2036463041887295,2704.0,5,0.5716097664094705,520.5,60,0.7,148.91666666666666,-318.55555555555554,8.675,1.0907743285664457,1728.5,2,3.3208453410182517,548.0,20,0.75,140.2,-311.0,27.4,1.3524115755627009,662.0,2,1.2080291970802919,11,3,0,0.7857142857142857,21.43056882964257,-12.163793103448276,39.88181818181818,-8.526818181818182,18.724999999999998,0.5014615384615385,50.14615384615385,YELLOW,REVIEW
agresivo_iron_condor_spx_data.csv,spx,10:40,3593.5,272,0.7352941176470589,135.4925,-326.4583333333333,13.211397058823529,1.1528823654541587,1726.0,4,0.48031167385557255,1280.0,60,0.75,140.0222222222222,-334.73333333333335,21.333333333333332,1.2549292969527983,1006.0,2,0.7859375,578.0,20,0.8,129.875,-375.0,28.9,1.3853333333333333,395.0,1,0.6833910034602076,11,3,0,0.7857142857142857,33.06070863140216,-18.678571428571427,59.75454545454546,8.121936274509803,7.566666666666666,0.4881538461538462,48.81538461538462,YELLOW,WATCH
agresivo_iron_condor_spx_data.csv,spx,12:15,3361.5,276,0.7101449275362319,138.44132653061226,-297.1625,12.179347826086957,1.1413999074580405,2577.0,5,0.7666220437304775,1033.5,60,0.7333333333333333,135.32954545454547,-307.5625,17.225,1.2100182889656574,1735.0,3,1.6787614900822447,1229.0,20,0.85,131.8235294117647,-337.3333333333333,61.45,2.214426877470356,373.0,1,0.30349877949552484,10,4,0,0.7142857142857143,17.130267427161364,-6.396551724137931,34.49107142857143,5.045652173913044,44.225,0.46561538461538465,46.56153846153847,YELLOW,WATCH
agresivo_iron_condor_spx_data.csv,spx,11:45,2972.5,274,0.708029197080292,141.07474226804123,-304.95,10.848540145985401,1.1218437448762093,2651.0,4,0.8918418839360808,1979.5,60,0.75,143.32222222222222,-298.0,32.99166666666667,1.442841163310962,1353.0,2,0.6835059358423844,1728.0,20,0.9,130.05555555555554,-306.5,86.4,3.8189233278955954,613.0,2,0.35474537037037035,6,8,0,0.42857142857142855,13.725711491572223,-8.421052631578947,24.82075471698113,22.143126520681264,53.40833333333334,0.4602307692307693,46.02307692307693,YELLOW,WATCH
agresivo_iron_condor_spx_data.csv,spx,10:30,3599.0,271,0.7269372693726938,133.55329949238578,-306.9054054054054,13.280442804428045,1.1584694641363216,2646.0,4,0.7352042233953876,2548.0,60,0.7833333333333333,137.36170212765958,-300.61538461538464,42.46666666666667,1.6519959058341862,834.0,1,0.32731554160125587,907.0,20,0.8,126.75,-280.25,45.35,1.8090990187332738,395.0,1,0.4355016538037486,9,5,0,0.6428571428571429,36.77197711674557,-33.75,56.24074074074074,29.186223862238624,2.883333333333333,0.4544615384615385,45.44615384615385,YELLOW,WATCH
agresivo_iron_condor_spx_data.csv,spx,12:40,4652.5,275,0.7127272727272728,140.38520408163265,-289.40506329113924,16.918181818181818,1.2034947294755718,2118.0,5,0.45523911875335843,-216.0,60,0.6833333333333333,140.8780487804878,-315.36842105263156,-3.6,0.9639519359145527,1870.0,2,inf,111.0,20,0.7,127.57142857142857,-279.1666666666667,5.55,1.066268656716418,757.0,2,6.81981981981982,10,4,0,0.7142857142857143,20.287376641397376,-5.392156862745098,35.154545454545456,-20.51818181818182,9.15,0.452,45.2,YELLOW,REVIEW
agresivo_iron_condor_spx_data.csv,spx,13:55,4260.0,272,0.6801470588235294,151.78378378378378,-273.7931034482759,15.661764705882353,1.1788413098236776,1865.0,4,0.43779342723004694,556.0,60,0.65,161.0,-272.5238095238095,9.266666666666667,1.097151843438756,1355.0,4,2.4370503597122304,586.0,20,0.75,146.8,-323.2,29.3,1.3626237623762376,1114.0,2,1.901023890784983,9,5,0,0.6428571428571429,30.579338278799185,-29.254901960784313,49.148148148148145,-6.395098039215686,20.03333333333333,0.4518461538461539,45.18461538461539,YELLOW,REVIEW
agresivo_iron_condor_spx_data.csv,spx,12:45,4189.0,275,0.7090909090909091,144.3230769230769,-303.2151898734177,15.232727272727272,1.1748768472906403,2239.0,4,0.5344951062306039,-17.0,60,0.6666666666666666,151.0,-318.7894736842105,-0.2833333333333333,0.9971933300313687,1470.0,2,inf,184.0,20,0.75,133.26666666666668,-363.0,9.2,1.1013774104683196,1020.0,2,5.543478260869565,11,3,0,0.7857142857142857,24.30073374195423,-12.53448275862069,46.74545454545454,-15.516060606060606,9.483333333333333,0.4263846153846155,42.63846153846155,YELLOW,REVIEW
agresivo_iron_condor_spx_data.csv,spx,10:35,3650.0,272,0.7279411764705882,135.71212121212122,-313.7972972972973,13.419117647058824,1.1571853064036863,1602.0,4,0.4389041095890411,664.0,60,0.7,141.28571428571428,-292.77777777777777,11.066666666666666,1.1259962049335863,820.0,2,1.2349397590361446,207.0,20,0.7,133.42857142857142,-276.8333333333333,10.35,1.1246237206502108,494.0,2,2.3864734299516908,9,5,0,0.6428571428571429,44.15102354334067,-36.214285714285715,63.24074074074074,-2.352450980392158,-0.7166666666666668,0.4136153846153846,41.36153846153846,YELLOW,REVIEW
agresivo_iron_condor_spx_data.csv,spx,12:35,4160.5,275,0.7018181818181818,142.5103626943005,-284.6829268292683,15.129090909090909,1.1782256682659356,2341.0,4,0.562672755678404,-217.0,60,0.65,151.3846153846154,-291.4761904761905,-3.6166666666666667,0.9645482764254207,1623.0,3,inf,-126.0,20,0.65,140.6153846153846,-279.14285714285717,-6.3,0.9355168884339816,1110.0,2,inf,10,4,0,0.7142857142857143,19.25351125488132,-9.155172413793103,38.35454545454545,-18.745757575757576,-2.683333333333333,0.3899230769230769,38.99230769230769,RED,REPLACE
agresivo_iron_condor_spx_data.csv,spx,14:15,2575.0,271,0.6494464944649446,151.7215909090909,-256.6808510638298,9.501845018450185,1.1067224801061009,2253.0,4,0.8749514563106796,-255.0,60,0.6333333333333333,157.05263157894737,-282.8636363636364,-4.25,0.9590229792704483,2253.0,3,inf,874.0,20,0.8,142.125,-350.0,43.7,1.6242857142857143,618.0,1,0.7070938215102975,10,4,0,0.7142857142857143,29.768641794439745,-36.03921568627451,31.82758620689655,-13.751845018450185,47.95,0.3305384615384615,33.05384615384615,YELLOW,REVIEW
agresivo_iron_condor_spx_data.csv,spx,14:05,1236.5,273,0.663003663003663,153.5,-288.55434782608694,4.529304029304029,1.0465777677327004,2709.0,5,2.1908613020622725,-172.0,60,0.6333333333333333,164.8421052631579,-292.54545454545456,-2.8666666666666667,0.9732753262896209,2367.0,5,inf,1282.0,20,0.85,140.94117647058823,-371.3333333333333,64.1,2.1508078994614004,991.0,2,0.7730109204368175,8,6,0,0.5714285714285714,38.55954167798554,-57.333333333333336,45.154545454545456,-7.395970695970696,66.96666666666665,0.3097692307692308,30.97692307692308,YELLOW,REVIEW
agresivo_iron_condor_spx_data.csv,spx,14:00,2961.0,273,0.6776556776556777,150.36756756756756,-282.46590909090907,10.846153846153847,1.1191213742607715,1828.0,5,0.6173590003377237,-329.0,60,0.6333333333333333,155.26315789473685,-283.1363636363636,-5.483333333333333,0.947182533311928,1612.0,5,inf,503.0,20,0.75,140.33333333333334,-320.4,25.15,1.3139825218476904,1158.0,2,2.302186878727634,7,7,0,0.5,30.225739438996627,-40.21568627450981,40.49090909090909,-16.32948717948718,30.633333333333333,0.3016923076923077,30.169230769230772,YELLOW,REVIEW
agresivo_iron_condor_spx_data.csv,spx,15:25,1571.0,272,0.5514705882352942,175.39333333333335,-206.15,5.775735294117647,1.063505538038645,2535.0,4,1.6136218968809675,1064.0,60,0.5833333333333334,174.68571428571428,-210.41666666666666,17.733333333333334,1.2106930693069307,950.0,4,0.8928571428571429,403.0,20,0.6,180.0,-219.625,20.15,1.2293682413204325,755.0,4,1.8734491315136477,8,6,0,0.5714285714285714,32.88988880154389,-15.862068965517242,63.888888888888886,11.957598039215688,2.4166666666666643,0.2831538461538462,28.31538461538462,YELLOW,WATCH
agresivo_iron_condor_spx_data.csv,spx,14:10,783.0,271,0.6457564575645757,154.2057142857143,-272.9479166666667,2.88929889298893,1.029882074571614,3356.0,5,4.286079182630907,-1110.0,60,0.5833333333333334,173.57142857142858,-287.4,-18.5,0.8455114822546973,2924.0,5,inf,717.0,20,0.75,161.13333333333333,-340.0,35.85,1.421764705882353,981.0,2,1.3682008368200838,9,5,0,0.6428571428571429,35.58529131152379,-48.74,32.03508771929825,-21.38929889298893,54.35,0.23138461538461538,23.138461538461538,RED,REPLACE
agresivo_iron_condor_spx_data.csv,spx,15:20,522.0,272,0.5404411764705882,180.31972789115648,-211.260162601626,1.9191176470588236,1.0200885126034251,2127.0,5,4.074712643678161,18.0,60,0.5333333333333333,189.78125,-232.8846153846154,0.3,1.002972749793559,1415.0,3,78.61111111111111,254.0,20,0.6,183.16666666666666,-277.7142857142857,12.7,1.1306584362139918,1142.0,3,4.496062992125984,7,7,0,0.5,35.91217384053537,-32.258620689655174,58.77777777777778,-1.6191176470588236,12.399999999999999,0.21446153846153848,21.446153846153848,RED,REPLACE
agresivo_iron_condor_spx_data.csv,spx,14:30,-3100.0,271,0.5977859778597786,161.2283950617284,-268.0642201834862,-11.439114391143912,0.8939046510831993,5365.0,6,inf,-34.0,60,0.5833333333333334,177.4,-249.72,-0.5666666666666667,0.9945539003684126,2683.0,6,inf,1092.0,20,0.75,168.13333333333333,-286.0,54.6,1.7636363636363637,803.0,2,0.7353479853479854,5,9,0,0.35714285714285715,31.00350395492353,-52.76470588235294,19.69811320754717,10.872447724477246,55.16666666666667,0.2135384615384616,21.35384615384616,RED,REPLACE
agresivo_iron_condor_spx_data.csv,spx,14:35,-493.0,272,0.5992647058823529,162.90184049079755,-248.12844036697248,-1.8125,0.9817717961990683,2815.0,7,inf,-111.0,60,0.5666666666666667,176.5,-235.07692307692307,-1.85,0.9818390052356021,2659.0,7,inf,764.0,20,0.7,161.42857142857142,-249.33333333333334,38.2,1.5106951871657754,673.0,2,0.8808900523560209,6,8,0,0.42857142857142855,37.1324987288455,-54.15686274509804,42.27777777777778,-0.03750000000000009,40.050000000000004,0.21315384615384614,21.315384615384612,RED,REPLACE
agresivo_iron_condor_spx_data.csv,spx,14:20,-661.0,270,0.6259259259259259,155.9526627218935,-267.4950495049505,-2.448148148148148,0.9755339230854647,4294.0,5,inf,-939.0,60,0.5666666666666667,179.26470588235293,-270.53846153846155,-15.65,0.8665055444981519,3546.0,5,inf,1408.0,20,0.8,167.875,-319.5,70.4,2.1017214397496087,558.0,1,0.3963068181818182,6,8,0,0.42857142857142855,46.511853860182036,-57.23529411764706,40.283018867924525,-13.201851851851853,86.05000000000001,0.20946153846153848,20.946153846153848,RED,REPLACE
agresivo_iron_condor_spx_data.csv,spx,14:25,-609.0,271,0.6236162361623616,157.37278106508876,-266.7156862745098,-2.2472324723247232,0.9776144091159713,3459.0,7,inf,-594.0,60,0.5666666666666667,173.64705882352942,-249.92307692307693,-9.9,0.9085872576177285,3017.0,7,inf,1162.0,20,0.8,161.5625,-355.75,58.1,1.8165846802529866,585.0,1,0.5034423407917383,5,9,0,0.35714285714285715,40.42277704940949,-49.80392156862745,34.056603773584904,-7.652767527675277,68.0,0.20230769230769233,20.230769230769234,RED,REPLACE
agresivo_iron_condor_spx_data.csv,spx,14:40,-70.0,272,0.6029411764705882,164.3109756097561,-250.15740740740742,-0.25735294117647056,0.9974090387533775,3786.0,8,inf,-464.0,60,0.5666666666666667,179.0,-251.92307692307693,-7.733333333333333,0.9291603053435115,2837.0,5,inf,368.0,20,0.65,164.84615384615384,-253.57142857142858,18.4,1.2073239436619718,1140.0,2,3.097826086956522,5,9,0,0.35714285714285715,33.9073020656728,-36.23529411764706,49.96296296296296,-7.475980392156863,26.133333333333333,0.18092307692307694,18.092307692307692,RED,REPLACE
agresivo_iron_condor_spx_data.csv,spx,15:10,-2143.0,272,0.5330882352941176,176.26896551724138,-218.1259842519685,-7.8786764705882355,0.922640964551296,3846.0,10,inf,210.0,60,0.5333333333333333,186.75,-205.92857142857142,3.5,1.036420395421436,2378.0,7,11.323809523809524,549.0,20,0.7,171.28571428571428,-308.1666666666667,27.45,1.2969172525689563,683.0,2,1.2440801457194899,7,7,0,0.5,49.18012930179024,-60.07843137254902,67.25925925925925,11.378676470588236,23.95,0.16492307692307692,16.49230769230769,RED,REPLACE
agresivo_iron_condor_spx_data.csv,spx,15:00,-143.0,273,0.5860805860805861,172.125,-247.16964285714286,-0.5238095238095238,0.9948343748871148,3460.0,6,inf,-1431.0,60,0.5333333333333333,177.15625,-262.962962962963,-23.85,0.7984507042253521,3101.0,6,inf,-351.0,20,0.6,173.83333333333334,-304.625,-17.55,0.8559704554780467,1313.0,3,inf,8,6,0,0.5714285714285714,32.13114967978514,-26.76923076923077,54.981818181818184,-23.326190476190476,6.300000000000001,0.14730769230769233,14.730769230769234,RED,REPLACE
agresivo_iron_condor_spx_data.csv,spx,14:55,-357.0,272,0.5845588235294118,166.55974842767296,-237.52212389380531,-1.3125,0.986698956780924,3660.0,6,inf,-1705.0,60,0.48333333333333334,191.89655172413794,-234.51612903225808,-28.416666666666668,0.765474552957359,3660.0,6,inf,-477.0,20,0.55,171.27272727272728,-262.3333333333333,-23.85,0.7979669631512071,1417.0,4,inf,9,5,0,0.6428571428571429,34.82398656856078,-33.09803921568628,53.666666666666664,-27.104166666666668,4.566666666666666,0.13138461538461538,13.138461538461538,RED,REPLACE
agresivo_iron_condor_spx_data.csv,spx,14:50,-1524.5,272,0.5882352941176471,163.690625,-247.45535714285714,-5.604779411764706,0.9449936857297493,3345.0,6,inf,-1458.0,60,0.5333333333333333,176.8125,-254.14285714285714,-24.3,0.7951096121416527,3345.0,6,inf,-232.0,20,0.65,137.46153846153845,-288.42857142857144,-11.6,0.8850916295195641,1160.0,2,inf,6,8,0,0.42857142857142855,28.655010850607926,-31.215686274509803,39.898148148148145,-18.695220588235294,12.700000000000001,0.13084615384615383,13.084615384615383,RED,REPLACE
agresivo_iron_condor_spx_data.csv,spx,15:05,-1838.0,272,0.5588235294117647,173.9671052631579,-237.65546218487395,-6.757352941176471,0.9350093702485768,3420.0,5,inf,-220.0,60,0.5333333333333333,187.71875,-230.62962962962962,-3.6666666666666665,0.9646699855468123,2293.0,4,inf,-362.0,20,0.55,165.8181818181818,-242.88888888888889,-18.1,0.8344007319304666,1670.0,4,inf,4,10,0,0.2857142857142857,35.28102041768471,-40.529411764705884,53.0,3.0906862745098045,-14.433333333333335,0.10676923076923077,10.676923076923076,RED,REPLACE
agresivo_iron_condor_spx_data.csv,spx,14:45,-3165.5,272,0.5698529411764706,168.50645161290322,-250.2905982905983,-11.637867647058824,0.8919034284933752,4332.5,6,inf,-2825.0,60,0.4666666666666667,177.67857142857142,-243.75,-47.083333333333336,0.6378205128205128,4228.0,6,inf,-773.0,20,0.55,160.54545454545453,-282.1111111111111,-38.65,0.6955494289090193,1487.0,3,inf,5,9,0,0.35714285714285715,31.524924909699457,-43.0,39.47222222222222,-35.44546568627451,8.433333333333337,0.07584615384615385,7.584615384615385,RED,REPLACE
agresivo_iron_condor_spx_data.csv,spx,15:15,-4216.0,272,0.5073529411764706,169.3985507246377,-207.46616541353384,-15.5,0.8472076251223136,6067.0,13,inf,-485.0,60,0.5,189.36666666666667,-212.6206896551724,-8.083333333333334,0.921342847875446,1930.0,4,inf,-126.0,20,0.6,164.0,-299.14285714285717,-6.3,0.9398280802292264,921.0,2,inf,5,9,0,0.35714285714285715,48.88277078447741,-76.62745098039215,59.351851851851855,7.416666666666666,1.783333333333334,0.06953846153846155,6.953846153846155,RED,REPLACE
